id,first_name,last_name,email,gender,ip_address
1,Fanchette,Wycliffe,fwycliffe0@time.com,Female,160.208.158.64
2,Woodrow,Sabater,wsabater1@jigsy.com,Male,75.138.118.192
3,Jolee,Gowanlock,jgowanlock2@hostgator.com,Female,31.145.52.191
4,Yurik,Treharne,ytreharne3@whitehouse.gov,Male,53.83.98.41
5,Linzy,Hynd,lhynd4@accuweather.com,Female,66.149.200.160
6,Winn,Seak,wseak5@exblog.jp,Genderqueer,34.132.233.155
7,Colet,McIlvenny,cmcilvenny6@cdc.gov,Male,138.93.191.221
8,Orv,Ashmole,oashmole7@friendfeed.com,Male,52.91.216.201
9,Murdock,Setterington,msetterington8@earthlink.net,Male,153.116.183.226
10,Berenice,Lalevee,blalevee9@blogs.com,Agender,167.232.156.233
11,Merrily,Disman,mdismana@tamu.edu,Female,58.163.198.70
12,Emanuele,Potzold,epotzoldb@gmpg.org,Male,128.106.219.216
13,Flora,Vile,fvilec@networkadvertising.org,Female,35.110.168.93
14,Son,Beagen,sbeagend@hatena.ne.jp,Male,224.31.146.20
15,Meade,Cartmel,mcartmele@behance.net,Male,34.76.132.46
16,Durward,Whelpton,dwhelptonf@gmpg.org,Male,42.41.218.252
17,Stevie,De Fraine,sdefraineg@slate.com,Bigender,6.30.205.97
18,Griswold,Durnford,gdurnfordh@dion.ne.jp,Male,183.57.87.237
19,Maybelle,Kinnock,mkinnocki@ocn.ne.jp,Female,113.81.70.189
20,Bernetta,Bachelor,bbachelorj@si.edu,Female,121.151.128.32
21,Wittie,Ochterlonie,wochterloniek@bbc.co.uk,Male,255.3.250.73
22,Trueman,McIndoe,tmcindoel@tuttocitta.it,Male,33.23.158.120
23,Jacqueline,Feldmus,jfeldmusm@nps.gov,Female,18.238.180.103
24,Inglis,Bradie,ibradien@gravatar.com,Male,166.224.66.158
25,Dew,Dwane,ddwaneo@nationalgeographic.com,Male,72.223.167.226
26,Carlotta,Kingett,ckingettp@tuttocitta.it,Polygender,130.57.157.93
27,Monte,Turville,mturvilleq@pagesperso-orange.fr,Male,48.116.10.146
28,Dannye,Smalecombe,dsmalecomber@loc.gov,Genderqueer,47.146.160.88
29,Nickola,Seger,nsegers@walmart.com,Male,132.249.223.49
30,Sheffy,Bedboro,sbedborot@barnesandnoble.com,Male,124.231.80.235
31,Krissy,Spiteri,kspiteriu@mediafire.com,Female,53.187.230.44
32,Buckie,Minogue,bminoguev@vimeo.com,Male,241.49.92.89
33,Zackariah,Filtness,zfiltnessw@free.fr,Male,47.2.195.180
34,Barnard,Absolem,babsolemx@sourceforge.net,Male,136.29.38.5
35,Parsifal,Nettleship,pnettleshipy@google.pl,Male,29.43.18.113
36,Ernaline,Brittle,ebrittlez@hibu.com,Female,200.190.157.74
37,Emmy,Mackleden,emackleden10@gnu.org,Male,13.39.122.4
38,Asher,Kielt,akielt11@1und1.de,Male,229.105.187.180
39,Brigg,Buzin,bbuzin12@reference.com,Male,229.217.90.201
40,Branden,Barbrick,bbarbrick13@ed.gov,Male,88.220.117.158
41,Amalie,Faustin,afaustin14@blogs.com,Female,50.96.199.0
42,Tanner,Grimsdyke,tgrimsdyke15@senate.gov,Genderfluid,131.10.154.80
43,Lanette,Shovlin,lshovlin16@ning.com,Female,94.22.227.37
44,Hendrik,Kennan,hkennan17@de.vu,Male,124.221.7.79
45,Shane,Robertazzi,srobertazzi18@reddit.com,Male,15.80.160.114
46,Eliot,Bowick,ebowick19@paginegialle.it,Male,42.239.0.20
47,Penelope,Lumsdaine,plumsdaine1a@timesonline.co.uk,Female,197.107.201.172
48,Jeniece,Ducker,jducker1b@addtoany.com,Female,98.233.133.237
49,Kirstyn,Waker,kwaker1c@wikimedia.org,Female,102.193.128.200
50,Charlena,Phillott,cphillott1d@dmoz.org,Female,172.225.73.240
51,Barrie,Whatmough,bwhatmough1e@macromedia.com,Male,199.209.132.251
52,Stern,Ryce,sryce1f@odnoklassniki.ru,Male,223.96.72.15
53,Rodi,Sharnock,rsharnock1g@homestead.com,Female,224.177.191.179
54,Arlena,Manders,amanders1h@uol.com.br,Female,86.168.102.95
55,Verena,Levett,vlevett1i@digg.com,Female,81.225.77.168
56,Duff,Winsper,dwinsper1j@opensource.org,Male,233.195.131.151
57,Lucille,Gookey,lgookey1k@wix.com,Female,27.28.107.167
58,Tabina,Hayle,thayle1l@twitter.com,Female,217.127.210.180
59,Viviana,Beaglehole,vbeaglehole1m@geocities.com,Female,20.187.184.230
60,Tod,Noah,tnoah1n@harvard.edu,Male,130.61.77.237
61,Giuseppe,Fydoe,gfydoe1o@nature.com,Male,39.21.252.121
62,Cameron,Duckitt,cduckitt1p@about.me,Male,28.84.117.110
63,Corbett,Swindall,cswindall1q@imdb.com,Non-binary,186.166.181.120
64,Elke,Langlais,elanglais1r@aboutads.info,Female,112.204.203.29
65,Terri,Skea,tskea1s@feedburner.com,Polygender,112.61.19.22
66,Kenton,Antosch,kantosch1t@tinypic.com,Male,172.56.181.147
67,Ardys,Bovis,abovis1u@photobucket.com,Female,41.2.175.156
68,Valeria,Antognoni,vantognoni1v@washington.edu,Female,249.154.174.84
69,Leona,Bischoff,lbischoff1w@posterous.com,Female,228.39.86.39
70,Corly,Levick,clevick1x@mediafire.com,Female,178.153.193.51
71,Arielle,Iannitti,aiannitti1y@lycos.com,Female,0.114.69.218
72,Joell,Planke,jplanke1z@discovery.com,Female,12.60.60.206
73,Nelie,Larimer,nlarimer20@taobao.com,Female,102.181.28.96
74,Alexis,Cartmell,acartmell21@multiply.com,Male,246.24.174.59
75,Niki,Immings,nimmings22@bloglines.com,Male,35.97.244.59
76,Wilhelm,Abramski,wabramski23@1688.com,Male,197.13.42.227
77,Byram,Vanderplas,bvanderplas24@mit.edu,Male,105.62.161.87
78,Steffane,Karolczyk,skarolczyk25@desdev.cn,Female,9.21.189.18
79,Donall,Danis,ddanis26@weather.com,Male,219.88.152.50
80,Bradley,MacCaffery,bmaccaffery27@youku.com,Male,62.87.16.79
81,Lidia,Meadowcroft,lmeadowcroft28@over-blog.com,Female,155.35.75.104
82,Hebert,Rannald,hrannald29@reuters.com,Male,47.233.100.44
83,Toma,Zebedee,tzebedee2a@army.mil,Female,199.170.138.166
84,Isa,O'Brollachain,iobrollachain2b@sina.com.cn,Male,1.171.131.234
85,Alvy,Sirkett,asirkett2c@unblog.fr,Non-binary,201.215.83.32
86,Bard,Sillis,bsillis2d@mozilla.org,Male,152.123.228.100
87,Eddi,Eberdt,eeberdt2e@pcworld.com,Female,114.101.146.4
88,Rheba,Renackowna,rrenackowna2f@ucoz.ru,Female,192.159.214.18
89,Danie,Fevier,dfevier2g@facebook.com,Bigender,187.68.236.34
90,Leonerd,Ruby,lruby2h@cargocollective.com,Male,105.247.16.233
91,Miran,Mowsdell,mmowsdell2i@sun.com,Female,170.224.234.243
92,Ermengarde,Muckloe,emuckloe2j@bbb.org,Female,217.152.38.81
93,Brander,Raithbie,braithbie2k@oaic.gov.au,Male,160.160.10.164
94,Dex,Cattonnet,dcattonnet2l@china.com.cn,Male,56.46.100.28
95,Timmy,Satterfitt,tsatterfitt2m@privacy.gov.au,Female,39.93.109.247
96,Gwenny,Hadlow,ghadlow2n@facebook.com,Female,114.170.117.230
97,Hewie,Abethell,habethell2o@mail.ru,Male,119.201.23.97
98,Terri-jo,Harrild,tharrild2p@discuz.net,Female,25.144.143.69
99,Kelley,Girardey,kgirardey2q@buzzfeed.com,Male,109.251.33.49
100,Marchall,Baybutt,mbaybutt2r@prnewswire.com,Male,108.50.247.145
101,Ellyn,Halso,ehalso2s@t.co,Female,160.79.183.154
102,Maddy,Heinreich,mheinreich2t@unblog.fr,Male,248.59.13.77
103,Dunc,Georgeou,dgeorgeou2u@foxnews.com,Male,23.128.12.225
104,Odele,Doubrava,odoubrava2v@meetup.com,Female,57.59.3.185
105,Tess,Foat,tfoat2w@telegraph.co.uk,Female,237.136.172.8
106,Sondra,Turtle,sturtle2x@wordpress.com,Female,86.21.1.254
107,Margarette,Wittman,mwittman2y@ezinearticles.com,Female,145.140.34.169
108,Odetta,Timmins,otimmins2z@about.com,Female,230.86.53.5
109,Kilian,McGruar,kmcgruar30@npr.org,Male,133.7.152.88
110,Marijn,Lisamore,mlisamore31@squarespace.com,Male,8.99.152.166
111,Cristie,Lawes,clawes32@amazon.co.jp,Female,195.26.182.126
112,Joel,Cuddon,jcuddon33@tmall.com,Male,10.94.26.151
113,Karlens,Gardiner,kgardiner34@ning.com,Male,156.59.245.19
114,Stearne,Le - Count,slecount35@themeforest.net,Male,255.18.200.202
115,Taddeusz,Fawssett,tfawssett36@parallels.com,Male,69.90.143.236
116,Karylin,Veneur,kveneur37@github.com,Female,133.98.111.169
117,Zia,Deere,zdeere38@harvard.edu,Female,179.116.207.233
118,Theadora,MacKenney,tmackenney39@paginegialle.it,Female,246.147.86.255
119,Eziechiele,Entwisle,eentwisle3a@nymag.com,Male,143.189.134.161
120,Aleksandr,Hunnybun,ahunnybun3b@princeton.edu,Male,235.21.120.38
121,Tye,Lingner,tlingner3c@w3.org,Male,148.60.239.233
122,Hamid,Scouse,hscouse3d@myspace.com,Male,111.238.69.159
123,Lavena,Canet,lcanet3e@globo.com,Female,8.95.142.123
124,Gus,Fetterplace,gfetterplace3f@europa.eu,Male,247.133.140.121
125,Fawne,Deddum,fdeddum3g@pinterest.com,Female,25.174.29.9
126,Dinah,Sacks,dsacks3h@liveinternet.ru,Female,182.84.247.172
127,Tommy,Tofpik,ttofpik3i@forbes.com,Female,88.106.237.239
128,Ches,Havick,chavick3j@disqus.com,Male,3.105.94.47
129,Conni,Yoxen,cyoxen3k@mediafire.com,Female,242.132.91.81
130,Barbabra,Tasker,btasker3l@woothemes.com,Female,42.65.248.141
131,Annadiana,Garnson,agarnson3m@squarespace.com,Female,69.42.66.249
132,Enrika,Skuse,eskuse3n@diigo.com,Female,86.67.80.39
133,Marshall,Courtier,mcourtier3o@instagram.com,Male,58.136.245.164
134,Shannen,Decroix,sdecroix3p@abc.net.au,Female,172.179.113.6
135,Hewitt,Greeveson,hgreeveson3q@oracle.com,Non-binary,228.42.34.109
136,Phillie,McCurry,pmccurry3r@google.ca,Female,199.61.12.4
137,Willow,Jankovsky,wjankovsky3s@friendfeed.com,Female,193.199.240.15
138,Denise,Weiser,dweiser3t@foxnews.com,Polygender,57.108.54.239
139,Adele,Patron,apatron3u@webnode.com,Female,143.163.66.227
140,Cleo,Gambles,cgambles3v@tmall.com,Female,42.171.160.79
141,Tedd,Verrick,tverrick3w@guardian.co.uk,Agender,250.158.211.191
142,Terrye,Ohm,tohm3x@dot.gov,Female,118.75.198.226
143,Ikey,Buddock,ibuddock3y@goo.gl,Male,113.100.246.136
144,Carleen,Arboin,carboin3z@ustream.tv,Female,192.86.79.46
145,Maximilian,Waddell,mwaddell40@digg.com,Male,68.211.194.72
146,Cahra,Claesens,cclaesens41@comsenz.com,Genderfluid,189.236.233.158
147,Marten,Brew,mbrew42@webmd.com,Male,91.196.152.203
148,Barret,Blodgetts,bblodgetts43@theguardian.com,Male,20.174.153.80
149,Jude,Grestye,jgrestye44@oakley.com,Male,226.34.118.169
150,Jerome,Sabban,jsabban45@bluehost.com,Male,8.67.215.40
151,Eduardo,Stallwood,estallwood46@businessinsider.com,Male,179.195.93.25
152,Bartolemo,Noirel,bnoirel47@un.org,Male,61.234.60.42
153,Blayne,Meugens,bmeugens48@godaddy.com,Male,149.177.1.38
154,Gearalt,Withur,gwithur49@hud.gov,Male,0.42.117.54
155,Timmie,Overstone,toverstone4a@sitemeter.com,Non-binary,185.110.176.43
156,Barrie,Austing,bausting4b@freewebs.com,Male,189.141.170.133
157,Karly,Bartkowiak,kbartkowiak4c@sogou.com,Female,76.75.43.47
158,Terrye,Goodchild,tgoodchild4d@ehow.com,Female,133.214.238.35
159,Martyn,D'Antoni,mdantoni4e@soup.io,Non-binary,9.217.136.78
160,Reggy,Thorn,rthorn4f@wired.com,Genderqueer,190.206.18.237
161,Carri,Lipyeat,clipyeat4g@dion.ne.jp,Female,121.249.134.44
162,Cathee,Kilgrove,ckilgrove4h@google.com.au,Female,87.70.229.218
163,Korrie,Taverner,ktaverner4i@dedecms.com,Female,217.76.97.230
164,Rolf,Frondt,rfrondt4j@about.com,Male,60.41.3.255
165,Aleksandr,Vasse,avasse4k@hubpages.com,Male,175.42.56.88
166,Simon,Slatcher,sslatcher4l@cloudflare.com,Male,168.185.143.53
167,Helaina,Tournie,htournie4m@narod.ru,Female,164.148.68.126
168,Viviana,Morrall,vmorrall4n@nih.gov,Female,52.102.81.55
169,Sophi,Ledrun,sledrun4o@samsung.com,Female,237.30.238.140
170,Cissiee,De Ruggiero,cderuggiero4p@tamu.edu,Female,222.146.204.28
171,Nat,Bennion,nbennion4q@ehow.com,Female,195.35.53.255
172,Roger,Cracker,rcracker4r@desdev.cn,Male,84.151.150.239
173,Nahum,Shulem,nshulem4s@nationalgeographic.com,Male,84.135.17.69
174,Patty,Retallack,pretallack4t@wix.com,Female,146.146.138.195
175,Araldo,Bonnick,abonnick4u@php.net,Agender,181.196.207.182
176,Barbaraanne,Darko,bdarko4v@behance.net,Female,220.213.163.6
177,Meta,Obert,mobert4w@amazon.co.uk,Female,117.24.77.168
178,Willie,Mallender,wmallender4x@naver.com,Female,24.237.245.205
179,Andris,Stow,astow4y@scribd.com,Male,177.40.26.207
180,Cob,Peasgood,cpeasgood4z@4shared.com,Male,58.241.187.100
181,Danya,McMackin,dmcmackin50@sakura.ne.jp,Female,163.254.132.157
182,Kermie,Denton,kdenton51@tmall.com,Male,188.64.51.60
183,Herman,Djurdjevic,hdjurdjevic52@thetimes.co.uk,Male,191.53.59.153
184,Bernadene,Leadston,bleadston53@mozilla.com,Agender,248.243.150.40
185,Vincents,Cleveland,vcleveland54@deviantart.com,Male,148.99.96.1
186,Allie,Woakes,awoakes55@tamu.edu,Male,27.231.188.141
187,Cory,Spurnier,cspurnier56@twitpic.com,Male,66.92.95.170
188,Thomas,Buddles,tbuddles57@theglobeandmail.com,Male,62.77.72.231
189,Jo-ann,Alner,jalner58@facebook.com,Female,62.244.215.213
190,Sherwood,Tulley,stulley59@nyu.edu,Male,96.90.127.9
191,Cirstoforo,Blaby,cblaby5a@photobucket.com,Male,255.91.246.154
192,Marty,Paulich,mpaulich5b@photobucket.com,Female,222.46.59.34
193,Haze,Tomblings,htomblings5c@loc.gov,Male,9.14.188.154
194,Jeno,Withull,jwithull5d@nyu.edu,Male,80.196.10.88
195,Darelle,Cadwell,dcadwell5e@livejournal.com,Agender,60.122.122.192
196,Alfonse,O'Corren,aocorren5f@cyberchimps.com,Male,243.152.130.204
197,Fidelia,Akister,fakister5g@ezinearticles.com,Female,36.88.249.195
198,Leif,Baiyle,lbaiyle5h@1und1.de,Male,111.252.191.198
199,Hill,Pearman,hpearman5i@cargocollective.com,Male,145.144.35.65
200,Amory,Beeckx,abeeckx5j@about.com,Male,194.63.106.252
201,Celesta,Josipovic,cjosipovic5k@bluehost.com,Female,236.53.79.142
202,Darya,Lackington,dlackington5l@dmoz.org,Genderfluid,8.145.55.87
203,Clo,D' Angelo,cdangelo5m@redcross.org,Female,233.101.0.11
204,Simonne,Suddick,ssuddick5n@flickr.com,Female,52.226.10.219
205,Brendin,Ximenez,bximenez5o@technorati.com,Male,20.114.42.224
206,Emmott,Mattedi,emattedi5p@blogger.com,Male,10.195.155.3
207,Ibrahim,Lafee,ilafee5q@merriam-webster.com,Male,3.138.120.168
208,Sammie,Crinion,scrinion5r@shinystat.com,Genderfluid,19.139.140.153
209,Ariel,Le Leu,aleleu5s@usgs.gov,Female,255.194.28.135
210,Bibbie,Endersby,bendersby5t@nsw.gov.au,Female,9.128.126.166
211,Maurizia,Firmin,mfirmin5u@shutterfly.com,Female,105.79.19.9
212,Clarice,Elrick,celrick5v@ezinearticles.com,Female,94.223.194.123
213,Franny,Buckmaster,fbuckmaster5w@wisc.edu,Female,81.177.151.239
214,Moreen,Twyford,mtwyford5x@oaic.gov.au,Female,126.171.200.232
215,Fredrick,Cleever,fcleever5y@eepurl.com,Male,161.168.251.143
216,Evie,Denny,edenny5z@behance.net,Agender,22.155.112.171
217,Fina,Webermann,fwebermann60@wufoo.com,Female,157.58.31.160
218,Philipa,Swanborough,pswanborough61@auda.org.au,Female,249.14.228.123
219,Lynn,Monck,lmonck62@illinois.edu,Female,188.153.82.116
220,Elwira,Draisey,edraisey63@shop-pro.jp,Bigender,187.142.124.25
221,Graig,Garnul,ggarnul64@indiegogo.com,Male,191.56.108.141
222,Dar,Easseby,deasseby65@dot.gov,Male,154.2.32.66
223,Raynell,Melby,rmelby66@flavors.me,Female,239.204.146.212
224,Thomasa,Wilding,twilding67@arizona.edu,Female,198.119.99.230
225,Karlotta,Densham,kdensham68@dmoz.org,Female,194.36.181.114
226,Ivie,Gorges,igorges69@mail.ru,Female,118.16.227.0
227,Pryce,Tremathack,ptremathack6a@ihg.com,Male,244.99.187.69
228,Charlie,Balfe,cbalfe6b@goo.gl,Male,193.254.195.131
229,Kris,Cordeux,kcordeux6c@addthis.com,Female,221.150.56.200
230,Jae,Medford,jmedford6d@newyorker.com,Male,73.206.140.121
231,Jyoti,Arniz,jarniz6e@google.co.uk,Female,209.247.221.16
232,Randolf,Hemeret,rhemeret6f@princeton.edu,Male,227.88.84.87
233,Ashla,Hemshall,ahemshall6g@com.com,Genderfluid,64.168.215.219
234,Lurlene,Klaaassen,lklaaassen6h@prweb.com,Female,125.89.232.161
235,Lesly,Karet,lkaret6i@hibu.com,Female,49.25.116.246
236,Francyne,Riall,friall6j@gov.uk,Female,255.209.3.35
237,Dare,Castiblanco,dcastiblanco6k@weebly.com,Male,185.119.52.211
238,Benny,Jedraszek,bjedraszek6l@ucla.edu,Bigender,60.196.71.6
239,Bank,Bartoletti,bbartoletti6m@pinterest.com,Male,34.83.213.85
240,Brit,Stert,bstert6n@theglobeandmail.com,Female,90.69.142.188
241,Symon,Pady,spady6o@ed.gov,Male,64.225.95.91
242,Tim,Darter,tdarter6p@huffingtonpost.com,Male,209.62.103.174
243,Casey,Maudlin,cmaudlin6q@independent.co.uk,Female,72.193.27.32
244,Rip,Gransden,rgransden6r@deliciousdays.com,Male,185.69.164.3
245,Trenton,Danihelka,tdanihelka6s@google.es,Male,59.54.243.30
246,Artair,Bennitt,abennitt6t@artisteer.com,Male,62.199.19.52
247,Kean,Sidey,ksidey6u@theglobeandmail.com,Genderqueer,165.35.85.86
248,Marla,Gellert,mgellert6v@bigcartel.com,Female,30.155.34.168
249,Julita,Selwyn,jselwyn6w@bloglines.com,Bigender,91.244.101.228
250,Basil,Flisher,bflisher6x@360.cn,Male,30.157.184.145
251,Naoma,Crosetto,ncrosetto6y@canalblog.com,Female,195.186.61.158
252,Tim,Eivers,teivers6z@npr.org,Male,166.73.91.145
253,Daffi,Corderoy,dcorderoy70@tinyurl.com,Female,14.165.9.97
254,Joachim,Poacher,jpoacher71@alexa.com,Male,150.82.55.118
255,Esma,Keir,ekeir72@feedburner.com,Female,140.122.224.103
256,Merrile,Sandiford,msandiford73@blogger.com,Female,140.66.188.145
257,Udell,Eaglen,ueaglen74@51.la,Male,46.201.93.13
258,Reiko,Olifaunt,rolifaunt75@jimdo.com,Female,84.3.8.10
259,Kristos,Slad,kslad76@scientificamerican.com,Male,204.207.151.21
260,Lorrayne,Vigars,lvigars77@freewebs.com,Female,189.195.21.41
261,Rosco,Frankham,rfrankham78@merriam-webster.com,Male,154.155.187.108
262,Tess,Laviss,tlaviss79@mozilla.com,Female,5.63.82.117
263,York,Waller,ywaller7a@instagram.com,Male,61.244.184.160
264,Heall,Dunston,hdunston7b@yahoo.co.jp,Male,77.141.223.183
265,Lilllie,Cheltnam,lcheltnam7c@google.nl,Female,100.10.248.70
266,Karilynn,Cornock,kcornock7d@wix.com,Female,52.65.45.22
267,Rodolphe,Gater,rgater7e@yahoo.com,Male,179.122.237.17
268,Angela,Barczynski,abarczynski7f@clickbank.net,Female,47.71.213.89
269,Karlis,Gaudin,kgaudin7g@webeden.co.uk,Male,238.212.4.86
270,Kaylil,Yakobovitz,kyakobovitz7h@t.co,Female,161.75.45.62
271,Saunderson,Dahmel,sdahmel7i@ask.com,Male,253.132.49.213
272,Sayers,Grave,sgrave7j@cloudflare.com,Male,232.95.62.52
273,Blaire,Kuhnhardt,bkuhnhardt7k@vinaora.com,Female,136.27.133.128
274,Madel,Shipton,mshipton7l@google.nl,Female,193.85.113.243
275,Guglielma,Pedican,gpedican7m@gmpg.org,Female,7.249.45.141
276,Chrisse,Hinge,chinge7n@buzzfeed.com,Polygender,160.57.79.233
277,Koo,Venner,kvenner7o@nymag.com,Female,28.165.247.250
278,Susann,Raffeorty,sraffeorty7p@discuz.net,Female,30.241.133.3
279,Cooper,Kivits,ckivits7q@psu.edu,Genderfluid,120.70.40.227
280,Gerry,Winspar,gwinspar7r@e-recht24.de,Male,151.172.24.1
281,Nana,Orro,norro7s@trellian.com,Female,145.161.187.54
282,Therese,Nisius,tnisius7t@paypal.com,Female,252.45.139.58
283,Joshuah,McDyer,jmcdyer7u@wunderground.com,Male,156.241.58.190
284,Norina,Bestall,nbestall7v@desdev.cn,Agender,194.18.77.63
285,Belinda,Andell,bandell7w@g.co,Genderqueer,250.158.243.249
286,Juline,Stanes,jstanes7x@people.com.cn,Female,223.156.109.181
287,Tate,Yakobowitch,tyakobowitch7y@unesco.org,Male,190.223.220.19
288,Dalston,Ellett,dellett7z@ifeng.com,Male,164.8.186.32
289,Yance,Chrispin,ychrispin80@homestead.com,Male,206.5.1.33
290,Willdon,Brigdale,wbrigdale81@epa.gov,Male,135.221.48.159
291,Dimitri,Skoate,dskoate82@google.it,Male,83.58.19.164
292,Paton,Ventham,pventham83@slideshare.net,Male,183.218.137.215
293,Hastie,Chapelle,hchapelle84@answers.com,Male,134.201.173.155
294,Yvon,Sapwell,ysapwell85@nbcnews.com,Male,191.183.62.145
295,Eulalie,Messer,emesser86@alibaba.com,Female,236.124.167.9
296,Annice,Jahns,ajahns87@samsung.com,Female,39.71.112.56
297,Thibaut,O' Connell,toconnell88@usda.gov,Male,72.80.206.39
298,Bianka,Coad,bcoad89@netlog.com,Female,13.66.94.249
299,Allsun,Bresner,abresner8a@nhs.uk,Female,81.108.151.119
300,Alexander,Infantino,ainfantino8b@google.es,Male,40.132.119.53
301,Thomasine,Lorent,tlorent8c@flickr.com,Female,124.131.26.105
302,Blanche,Dyerson,bdyerson8d@cam.ac.uk,Female,121.121.24.101
303,Nataniel,Bernade,nbernade8e@bigcartel.com,Male,93.220.104.2
304,Sue,Hallad,shallad8f@flickr.com,Female,190.43.188.89
305,Skylar,Keighly,skeighly8g@webnode.com,Genderqueer,156.32.150.174
306,Corine,Southwood,csouthwood8h@bluehost.com,Female,115.183.137.254
307,Julina,Rabbet,jrabbet8i@i2i.jp,Female,230.110.66.19
308,Lindy,MacCartney,lmaccartney8j@quantcast.com,Female,41.168.55.34
309,Klemens,Scanlin,kscanlin8k@4shared.com,Male,234.21.68.235
310,Cherey,Albinson,calbinson8l@geocities.jp,Female,218.69.208.101
311,Melesa,Wraighte,mwraighte8m@blogtalkradio.com,Female,29.163.37.105
312,Mar,Gilberthorpe,mgilberthorpe8n@biblegateway.com,Male,61.253.26.99
313,Corrianne,Matts,cmatts8o@live.com,Female,243.64.11.159
314,Kay,Lemasney,klemasney8p@vistaprint.com,Female,203.144.180.233
315,Brynna,Faunt,bfaunt8q@smugmug.com,Female,57.123.178.174
316,Arlan,Cohalan,acohalan8r@flickr.com,Agender,70.51.132.166
317,Caroline,Tucknott,ctucknott8s@themeforest.net,Female,251.240.40.104
318,Montague,Legier,mlegier8t@businessinsider.com,Male,13.236.44.15
319,Noll,Foynes,nfoynes8u@tiny.cc,Male,197.201.181.19
320,Abner,McGinty,amcginty8v@about.me,Male,58.222.111.181
321,Brucie,Treffrey,btreffrey8w@ucsd.edu,Male,176.215.178.8
322,Kean,Chetwind,kchetwind8x@amazon.de,Male,151.158.61.18
323,Edgardo,Richichi,erichichi8y@clickbank.net,Male,116.162.23.55
324,Dorian,Worvill,dworvill8z@go.com,Female,193.45.245.23
325,Hubert,Bowhay,hbowhay90@kickstarter.com,Male,177.186.33.192
326,Rossy,Winfrey,rwinfrey91@mac.com,Male,65.15.52.38
327,Adella,Houseman,ahouseman92@hp.com,Female,186.218.215.219
328,Luci,Deackes,ldeackes93@sphinn.com,Female,7.195.243.39
329,Oliviero,Kasher,okasher94@howstuffworks.com,Male,94.247.120.57
330,Melisse,Garrettson,mgarrettson95@chron.com,Female,0.250.74.172
331,Dulsea,Chafer,dchafer96@harvard.edu,Female,59.17.206.240
332,Blane,Worsam,bworsam97@delicious.com,Male,13.107.108.90
333,Jehanna,Perrigo,jperrigo98@accuweather.com,Female,74.6.220.11
334,Christel,Livermore,clivermore99@ustream.tv,Female,156.175.82.224
335,Phil,Hunday,phunday9a@ustream.tv,Male,236.84.143.169
336,Lannie,Elmes,lelmes9b@adobe.com,Male,44.90.56.127
337,Gardiner,Nand,gnand9c@go.com,Male,18.220.8.6
338,Danella,Feltoe,dfeltoe9d@deliciousdays.com,Female,93.196.133.171
339,Nickie,Guare,nguare9e@exblog.jp,Male,132.57.1.186
340,Orsola,Bytheway,obytheway9f@123-reg.co.uk,Bigender,55.97.93.211
341,Corbin,Mouth,cmouth9g@fotki.com,Male,155.248.186.116
342,Pearla,Prendeguest,pprendeguest9h@mapy.cz,Female,232.30.142.135
343,Auroora,Bereford,abereford9i@dedecms.com,Female,123.49.39.76
344,Kimbell,Buckley,kbuckley9j@buzzfeed.com,Male,86.110.221.16
345,Halley,McKeevers,hmckeevers9k@cam.ac.uk,Female,134.155.116.247
346,Roze,Malsher,rmalsher9l@unicef.org,Female,226.97.88.136
347,Erda,Whatling,ewhatling9m@livejournal.com,Female,248.0.189.215
348,Pryce,Vaines,pvaines9n@ask.com,Male,54.106.124.124
349,Eleen,Vanlint,evanlint9o@army.mil,Female,225.245.120.87
350,Thorndike,Edler,tedler9p@sakura.ne.jp,Male,144.240.151.5
351,Jeffrey,Nuccii,jnuccii9q@networksolutions.com,Male,103.117.236.252
352,Federico,O'Shesnan,foshesnan9r@posterous.com,Male,226.45.241.120
353,Leeann,Delahunt,ldelahunt9s@slate.com,Female,14.8.52.175
354,Bogart,Grinov,bgrinov9t@cocolog-nifty.com,Male,97.86.2.59
355,Emmet,Kleis,ekleis9u@washington.edu,Male,203.57.163.1
356,Oralia,Collelton,ocollelton9v@surveymonkey.com,Female,171.163.224.172
357,Sydel,Matskevich,smatskevich9w@nsw.gov.au,Female,155.149.76.61
358,Rab,Green,rgreen9x@mozilla.com,Male,201.241.202.227
359,Ashien,Gorgler,agorgler9y@stumbleupon.com,Female,252.12.211.210
360,Gertruda,Cavilla,gcavilla9z@yelp.com,Genderqueer,211.219.35.212
361,Henrik,Palser,hpalsera0@stumbleupon.com,Male,66.222.26.157
362,Reinald,Opie,ropiea1@t.co,Male,118.103.87.133
363,Phillida,Dodson,pdodsona2@slate.com,Female,184.255.184.104
364,Amalie,Jamary,ajamarya3@e-recht24.de,Female,14.138.160.191
365,Deana,Zorzenoni,dzorzenonia4@1und1.de,Genderfluid,219.74.85.64
366,Elianora,Tripean,etripeana5@accuweather.com,Female,74.155.204.248
367,Ken,Livett,klivetta6@live.com,Male,140.103.34.122
368,Tobi,Scurrer,tscurrera7@baidu.com,Female,255.246.24.254
369,Yelena,Greenlies,ygreenliesa8@elpais.com,Bigender,156.130.238.164
370,Delinda,Crack,dcracka9@g.co,Female,249.39.151.1
371,Vincents,Hesser,vhesseraa@xing.com,Male,52.118.132.11
372,Wynn,Garfield,wgarfieldab@cbsnews.com,Male,166.123.224.202
373,Rodolphe,Bullan,rbullanac@smh.com.au,Male,42.16.127.222
374,Prent,Dobsons,pdobsonsad@home.pl,Male,54.61.136.153
375,Merwin,Chuck,mchuckae@eventbrite.com,Male,11.145.174.144
376,Evyn,Lightbody,elightbodyaf@marriott.com,Male,212.41.103.68
377,Cam,MacCaughey,cmaccaugheyag@walmart.com,Genderfluid,246.123.94.223
378,Eberto,Chad,echadah@epa.gov,Male,160.138.83.20
379,Brocky,Rackstraw,brackstrawai@bbb.org,Male,131.57.247.54
380,Kristoforo,Syce,ksyceaj@devhub.com,Male,99.90.64.239
381,Benjie,Ostridge,bostridgeak@pbs.org,Male,73.62.173.69
382,Nial,Engelbrecht,nengelbrechtal@businesswire.com,Male,59.215.96.134
383,Delmar,Whightman,dwhightmanam@oaic.gov.au,Male,61.37.80.148
384,Enrica,Dunleavy,edunleavyan@engadget.com,Genderfluid,227.175.69.183
385,Janot,Eudall,jeudallao@wordpress.com,Female,135.80.100.217
386,Bondie,Keelan,bkeelanap@over-blog.com,Male,53.0.33.182
387,Bernie,MacGowan,bmacgowanaq@scribd.com,Male,55.220.12.207
388,Giavani,Wiggins,gwigginsar@house.gov,Male,171.230.93.53
389,Abbey,Longhorn,alonghornas@dion.ne.jp,Male,139.42.226.187
390,Antonetta,Marriot,amarriotat@nyu.edu,Genderfluid,95.198.63.126
391,Cass,Rosenauer,crosenauerau@mlb.com,Male,31.39.233.77
392,Hughie,Darthe,hdartheav@wordpress.org,Male,55.197.251.113
393,Jehu,Meaddowcroft,jmeaddowcroftaw@un.org,Male,92.24.191.88
394,Carita,Augustine,caugustineax@un.org,Female,120.30.241.81
395,Chelsey,Fauning,cfauningay@ebay.co.uk,Female,117.133.98.28
396,Ellwood,Fernandez,efernandezaz@kickstarter.com,Male,106.196.130.166
397,Dame,Malthus,dmalthusb0@cdbaby.com,Male,63.25.107.97
398,Lelia,Juckes,ljuckesb1@ezinearticles.com,Female,208.13.71.96
399,Sawyer,Heber,sheberb2@microsoft.com,Genderfluid,98.27.179.26
400,Reynold,Goacher,rgoacherb3@marriott.com,Male,173.78.8.249
401,Guenevere,Simister,gsimisterb4@shutterfly.com,Female,205.217.197.160
402,Meir,Pendergast,mpendergastb5@utexas.edu,Male,26.64.175.175
403,Micky,Bubear,mbubearb6@ucoz.com,Female,190.196.186.192
404,Lothario,Borrie,lborrieb7@vinaora.com,Male,192.89.120.2
405,Sandra,Overstone,soverstoneb8@hostgator.com,Female,110.37.181.197
406,Francesco,Baulk,fbaulkb9@histats.com,Male,112.218.194.108
407,Maison,Roskeilly,mroskeillyba@linkedin.com,Male,128.151.175.97
408,Frankie,Truwert,ftruwertbb@va.gov,Female,200.64.100.122
409,Heddie,Penk,hpenkbc@amazonaws.com,Female,193.75.177.86
410,Lishe,Maclean,lmacleanbd@blinklist.com,Female,171.142.218.116
411,Yorker,Risborough,yrisboroughbe@phpbb.com,Male,251.24.104.224
412,Pippo,Calloway,pcallowaybf@nhs.uk,Male,91.102.61.159
413,Rodie,Shelmardine,rshelmardinebg@xinhuanet.com,Non-binary,237.11.232.231
414,Eilis,Maccraw,emaccrawbh@rakuten.co.jp,Female,196.128.156.134
415,Orland,Cassidy,ocassidybi@sfgate.com,Male,25.20.213.81
416,Hermon,Whiten,hwhitenbj@mashable.com,Male,79.40.19.18
417,Win,Le Strange,wlestrangebk@people.com.cn,Male,236.197.160.113
418,Frankie,Mealham,fmealhambl@gmpg.org,Polygender,93.172.0.194
419,Bram,Sterzaker,bsterzakerbm@cbc.ca,Male,35.229.243.49
420,Sallee,Coners,sconersbn@qq.com,Female,212.99.114.54
421,Olive,Sproat,osproatbo@simplemachines.org,Female,17.122.10.172
422,Bibi,Cumo,bcumobp@mlb.com,Female,133.156.5.238
423,Shay,Laweles,slawelesbq@huffingtonpost.com,Polygender,17.87.16.69
424,Aguistin,Titley,atitleybr@yolasite.com,Male,86.107.30.24
425,Pasquale,Hawkeridge,phawkeridgebs@nytimes.com,Male,73.44.138.231
426,Renelle,Rummin,rrumminbt@macromedia.com,Female,198.150.79.194
427,Beverly,Ardling,bardlingbu@free.fr,Female,227.240.113.20
428,Cassi,Vermer,cvermerbv@technorati.com,Female,46.45.142.29
429,Cherianne,Rothman,crothmanbw@google.com.hk,Female,205.141.31.126
430,Dickie,Mollene,dmollenebx@msn.com,Male,64.207.255.130
431,Glennie,Lissandrini,glissandriniby@issuu.com,Female,3.13.220.169
432,Hale,Slyde,hslydebz@clickbank.net,Male,155.1.203.68
433,Keir,Stonman,kstonmanc0@cyberchimps.com,Male,72.207.161.71
434,Georgena,Godain,ggodainc1@facebook.com,Female,254.55.24.77
435,Rollin,Merida,rmeridac2@dyndns.org,Non-binary,130.36.49.146
436,Lemuel,Chaim,lchaimc3@state.gov,Male,235.100.220.237
437,Tessy,Mainland,tmainlandc4@gnu.org,Female,248.66.220.88
438,Abbe,Lascelles,alascellesc5@geocities.jp,Male,88.128.73.90
439,Leda,Douse,ldousec6@upenn.edu,Female,250.30.86.150
440,Kaia,Crock,kcrockc7@businesswire.com,Female,203.121.90.145
441,Kayne,Molines,kmolinesc8@forbes.com,Male,186.153.101.65
442,Chaim,Scarlett,cscarlettc9@wordpress.com,Bigender,58.74.89.226
443,Valdemar,Dinning,vdinningca@printfriendly.com,Male,242.48.186.159
444,Elinore,Piatek,epiatekcb@vimeo.com,Female,168.240.106.16
445,Elianora,Taffarello,etaffarellocc@yahoo.co.jp,Female,185.204.228.146
446,Hobie,Kofax,hkofaxcd@businessweek.com,Bigender,148.228.93.212
447,Stella,Gerred,sgerredce@columbia.edu,Female,191.27.116.227
448,Connor,Heball,cheballcf@angelfire.com,Male,253.177.11.73
449,Wally,Searle,wsearlecg@netvibes.com,Male,146.126.185.17
450,Archambault,Olohan,aolohanch@opensource.org,Male,219.234.252.30
451,Dasya,Ballin,dballinci@unesco.org,Female,247.116.119.17
452,Sheelah,Rehorek,srehorekcj@mtv.com,Female,121.119.7.28
453,Clayson,Taillard,ctaillardck@wordpress.org,Male,123.238.90.236
454,Lin,Wilds,lwildscl@cisco.com,Male,65.57.68.76
455,Linnea,D'Ambrosio,ldambrosiocm@redcross.org,Female,250.135.51.188
456,Domingo,Jacks,djackscn@slashdot.org,Male,166.116.252.228
457,Gerek,Edmand,gedmandco@discuz.net,Male,252.222.50.140
458,Gare,Bahde,gbahdecp@flickr.com,Male,222.238.186.32
459,Laney,Hinrich,lhinrichcq@whitehouse.gov,Female,189.18.63.207
460,Hayward,Vasyutochkin,hvasyutochkincr@berkeley.edu,Male,65.130.191.1
461,Lise,Arnaldy,larnaldycs@wiley.com,Female,134.190.8.200
462,Seumas,Rehor,srehorct@boston.com,Male,220.217.99.79
463,Jonah,Delaprelle,jdelaprellecu@php.net,Male,253.141.252.187
464,Lawrence,Barrett,lbarrettcv@google.co.jp,Male,10.208.71.138
465,Clementina,Ughini,cughinicw@meetup.com,Agender,119.232.47.219
466,Christiane,Jachimiak,cjachimiakcx@privacy.gov.au,Female,238.240.73.119
467,Olin,Coiley,ocoileycy@imageshack.us,Male,48.107.69.111
468,Roshelle,Dri,rdricz@nifty.com,Female,50.32.188.67
469,Alphard,Dickins,adickinsd0@thetimes.co.uk,Male,49.245.242.189
470,Hetty,Eames,heamesd1@instagram.com,Female,85.233.253.62
471,Alvy,Leason,aleasond2@multiply.com,Male,206.159.223.109
472,Ingar,Iacopo,iiacopod3@shop-pro.jp,Male,111.94.221.157
473,Lilith,Abdon,labdond4@census.gov,Female,12.38.206.113
474,Marget,Hadlee,mhadleed5@skype.com,Female,220.11.120.218
475,Lazare,Polley,lpolleyd6@comsenz.com,Male,88.128.153.247
476,Gayla,Constant,gconstantd7@vkontakte.ru,Female,4.207.167.48
477,Cymbre,Guidotti,cguidottid8@homestead.com,Female,199.228.178.245
478,Blanca,Siddon,bsiddond9@nationalgeographic.com,Female,94.253.178.27
479,Rutherford,Gowanlock,rgowanlockda@hugedomains.com,Male,144.250.66.44
480,Bennett,Bather,bbatherdb@taobao.com,Genderfluid,105.73.45.110
481,Sibbie,Sigward,ssigwarddc@unblog.fr,Female,42.106.220.9
482,Julius,McVane,jmcvanedd@cbsnews.com,Male,39.20.47.185
483,Kacy,Maryan,kmaryande@weather.com,Female,228.244.5.245
484,Ernesto,Vears,evearsdf@github.com,Male,148.223.132.105
485,Lissi,Johnke,ljohnkedg@chicagotribune.com,Agender,26.80.99.189
486,Chicky,Clawson,cclawsondh@nydailynews.com,Female,40.33.142.3
487,Dew,Christophle,dchristophledi@toplist.cz,Male,47.106.187.123
488,Cal,Dunkerton,cdunkertondj@europa.eu,Female,192.111.149.255
489,Sophia,Bate,sbatedk@hibu.com,Female,0.33.171.176
490,Eartha,Arnault,earnaultdl@google.co.jp,Female,58.118.8.5
491,Conni,Gellier,cgellierdm@mtv.com,Female,48.157.108.183
492,Anissa,Manthorpe,amanthorpedn@technorati.com,Female,174.187.102.145
493,Dillie,Matuska,dmatuskado@behance.net,Male,65.119.27.60
494,Frans,Millions,fmillionsdp@people.com.cn,Genderqueer,97.10.124.9
495,Pascale,Beneze,pbenezedq@sourceforge.net,Male,246.206.0.156
496,Doralia,Danielsky,ddanielskydr@pbs.org,Female,187.100.48.244
497,Heloise,Ellam,hellamds@wikimedia.org,Polygender,103.65.67.127
498,Justen,Burdell,jburdelldt@ihg.com,Male,250.245.10.38
499,Adorne,Westcar,awestcardu@admin.ch,Female,6.135.222.136
500,Bobbette,Pike,bpikedv@dropbox.com,Female,114.165.3.235
501,Dietrich,Brandreth,dbrandrethdw@123-reg.co.uk,Male,62.41.22.144
502,Persis,Pablos,ppablosdx@cocolog-nifty.com,Female,29.94.202.175
503,Querida,Clemow,qclemowdy@addthis.com,Female,206.251.228.249
504,Elisha,Woof,ewoofdz@i2i.jp,Female,137.57.59.130
505,Redd,Tranfield,rtranfielde0@nifty.com,Male,210.110.244.67
506,Greg,Brandrick,gbrandricke1@globo.com,Male,5.165.244.193
507,Christine,Vobes,cvobese2@springer.com,Female,46.172.248.95
508,Pooh,Coetzee,pcoetzeee3@tumblr.com,Non-binary,114.121.188.237
509,Melamie,Gooderham,mgooderhame4@earthlink.net,Female,176.224.172.17
510,Theresita,Martell,tmartelle5@rambler.ru,Female,159.48.58.223
511,Antone,Arnholdt,aarnholdte6@ox.ac.uk,Non-binary,249.99.64.111
512,Otha,Ambridge,oambridgee7@sbwire.com,Female,192.196.135.139
513,Lazare,Ousby,lousbye8@godaddy.com,Male,142.17.105.148
514,Rance,Kierans,rkieranse9@eepurl.com,Male,24.30.61.115
515,Ebony,Wraith,ewraithea@icq.com,Female,49.70.116.142
516,Carilyn,Larman,clarmaneb@nbcnews.com,Female,236.49.101.45
517,Bendick,Uzzell,buzzellec@upenn.edu,Male,29.72.181.28
518,Lilith,Truluck,ltrulucked@msn.com,Female,17.9.158.230
519,Pearla,Gadault,pgadaultee@hp.com,Female,243.33.61.92
520,Sunny,Godsell,sgodsellef@istockphoto.com,Female,19.1.237.66
521,Winnie,Luthwood,wluthwoodeg@shop-pro.jp,Male,13.87.148.191
522,Marlene,Chicotti,mchicottieh@cafepress.com,Female,108.7.12.72
523,Judy,Croome,jcroomeei@ihg.com,Female,64.147.227.140
524,Cinda,Truelove,ctrueloveej@foxnews.com,Female,230.161.143.118
525,Eberto,Mogie,emogieek@amazonaws.com,Male,71.242.222.172
526,Gavin,Mower,gmowerel@examiner.com,Male,89.148.29.114
527,Sile,Maharg,smahargem@webnode.com,Female,255.108.200.86
528,Ned,Witterick,nwittericken@rakuten.co.jp,Male,246.252.141.204
529,Karlotta,Kliche,kklicheeo@hatena.ne.jp,Female,58.30.83.246
530,Ervin,Leftley,eleftleyep@symantec.com,Male,154.225.135.31
531,Papageno,Buffham,pbuffhameq@ed.gov,Male,113.229.228.15
532,Teddie,Graffin,tgraffiner@ft.com,Female,232.83.18.53
533,Neal,Larrat,nlarrates@technorati.com,Agender,239.9.244.170
534,Artie,Reijmers,areijmerset@wisc.edu,Male,0.99.230.160
535,Zelda,Olechnowicz,zolechnowiczeu@gnu.org,Agender,139.83.157.135
536,Lillian,Byers,lbyersev@phoca.cz,Female,149.177.167.223
537,Goran,Tonnesen,gtonnesenew@nih.gov,Male,207.226.91.73
538,Nolly,Nissle,nnissleex@google.com,Male,241.230.175.217
539,Anna-diana,MacMychem,amacmychemey@indiatimes.com,Female,122.219.189.8
540,Madelyn,Darinton,mdarintonez@forbes.com,Female,11.144.21.64
541,Opal,Whereat,owhereatf0@purevolume.com,Female,8.178.143.234
542,Sancho,Adelsberg,sadelsbergf1@cnbc.com,Male,150.209.166.205
543,Damara,Emanson,demansonf2@cocolog-nifty.com,Genderqueer,133.1.167.78
544,Micky,Sitford,msitfordf3@google.ru,Male,89.175.68.198
545,Geno,Crop,gcropf4@economist.com,Genderqueer,0.215.195.212
546,Parrnell,Pydcock,ppydcockf5@digg.com,Male,222.182.123.57
547,Thadeus,Matten,tmattenf6@google.co.uk,Male,101.159.191.57
548,Mal,Redfearn,mredfearnf7@flickr.com,Male,135.99.39.235
549,Elden,Shoosmith,eshoosmithf8@auda.org.au,Genderfluid,119.10.235.56
550,Loella,Lackmann,llackmannf9@illinois.edu,Genderqueer,215.28.208.241
551,Daniele,Blaksland,dblakslandfa@trellian.com,Female,130.172.140.171
552,Bancroft,Reimers,breimersfb@constantcontact.com,Male,247.237.175.135
553,Tallie,Grzes,tgrzesfc@google.co.uk,Male,52.7.85.33
554,Althea,Jenik,ajenikfd@businessinsider.com,Female,126.149.76.42
555,Stearn,Oxley,soxleyfe@newyorker.com,Male,114.38.104.196
556,Harvey,Isacoff,hisacoffff@uol.com.br,Male,40.171.153.48
557,Daren,Tettley,dtettleyfg@squidoo.com,Male,150.200.69.46
558,Vania,Cuzen,vcuzenfh@over-blog.com,Female,44.251.218.78
559,Ernestine,Kinkead,ekinkeadfi@arstechnica.com,Female,97.199.66.55
560,Kelsey,Mogg,kmoggfj@github.io,Male,158.200.4.7
561,Mabel,Lusted,mlustedfk@wikispaces.com,Female,194.97.70.133
562,Mikol,Konert,mkonertfl@digg.com,Male,248.36.167.121
563,Peggie,Cordall,pcordallfm@ocn.ne.jp,Female,62.154.151.247
564,Valentin,Tyt,vtytfn@timesonline.co.uk,Male,139.86.104.202
565,Tiffany,Ellph,tellphfo@360.cn,Female,182.16.240.16
566,Darwin,Greenier,dgreenierfp@mediafire.com,Male,133.76.144.165
567,Jania,Aron,jaronfq@miitbeian.gov.cn,Female,196.32.236.153
568,Marin,Mallabar,mmallabarfr@nbcnews.com,Female,102.216.55.60
569,Khalil,Lorenzo,klorenzofs@virginia.edu,Male,116.180.72.245
570,Leonanie,M'cowis,lmcowisft@flickr.com,Female,214.194.87.15
571,Twila,Holtham,tholthamfu@oracle.com,Female,84.192.193.60
572,Ulrike,Depke,udepkefv@sogou.com,Non-binary,100.54.131.135
573,Skipton,Tufts,stuftsfw@msu.edu,Male,236.228.204.46
574,Joelie,MacCumiskey,jmaccumiskeyfx@smugmug.com,Female,207.44.70.147
575,Seth,Coda,scodafy@arizona.edu,Male,235.181.175.223
576,Fergus,Standing,fstandingfz@hc360.com,Polygender,11.11.51.177
577,Orel,Alcott,oalcottg0@va.gov,Polygender,61.26.248.185
578,Annabell,Gricks,agricksg1@bloomberg.com,Female,194.61.2.41
579,Frederich,Leaming,fleamingg2@myspace.com,Male,28.240.175.151
580,Ivor,Jozefczak,ijozefczakg3@guardian.co.uk,Genderqueer,18.182.123.78
581,Leonhard,Bernth,lbernthg4@home.pl,Male,68.207.158.206
582,Deloria,Rosenfeld,drosenfeldg5@scribd.com,Female,23.78.34.104
583,Julius,Cavozzi,jcavozzig6@illinois.edu,Male,94.189.174.252
584,Rebecca,Vardon,rvardong7@senate.gov,Female,107.1.26.14
585,Zorah,Lincoln,zlincolng8@youtu.be,Female,215.245.4.46
586,Drucie,Vigietti,dvigiettig9@upenn.edu,Female,17.131.97.23
587,Madge,Ishaki,mishakiga@cbsnews.com,Female,223.158.7.195
588,Joellyn,Batt,jbattgb@accuweather.com,Female,33.68.105.86
589,Waite,Eckly,wecklygc@mayoclinic.com,Male,158.212.24.146
590,Gualterio,Wakeman,gwakemangd@gravatar.com,Male,80.103.91.130
591,Demetra,Fawson,dfawsonge@tripod.com,Female,75.223.170.121
592,Reilly,Gorse,rgorsegf@slate.com,Male,143.233.15.136
593,Davidde,Weich,dweichgg@dion.ne.jp,Male,23.112.84.110
594,Hy,Dake,hdakegh@vimeo.com,Male,128.207.231.43
595,Karry,Tailby,ktailbygi@springer.com,Female,145.85.201.237
596,Guillemette,Lynd,glyndgj@weebly.com,Female,4.201.31.248
597,Charlton,Fearnyhough,cfearnyhoughgk@vk.com,Male,230.26.240.20
598,Danica,Goligher,dgolighergl@opensource.org,Female,252.93.143.234
599,Shaw,Curme,scurmegm@wunderground.com,Male,136.26.42.207
600,Fowler,Papaminas,fpapaminasgn@kickstarter.com,Male,17.118.242.131
601,Aaron,Giottini,agiottinigo@patch.com,Male,173.224.104.167
602,Sophie,Bransdon,sbransdongp@livejournal.com,Female,164.124.204.229
603,Karen,Topp,ktoppgq@i2i.jp,Female,193.115.228.13
604,Rosemarie,Kingsman,rkingsmangr@1und1.de,Female,140.53.52.60
605,Chicky,Westby,cwestbygs@newyorker.com,Male,88.249.202.125
606,Ulrike,Van der Krui,uvanderkruigt@smh.com.au,Female,252.93.23.208
607,Eldon,Nottingam,enottingamgu@cloudflare.com,Male,52.216.87.161
608,Cordie,Southey,csoutheygv@alibaba.com,Male,100.17.86.21
609,Holly,Grzesiewicz,hgrzesiewiczgw@acquirethisname.com,Male,47.104.207.236
610,Jaymee,Tysall,jtysallgx@naver.com,Female,160.7.71.103
611,Cora,Ivanchenkov,civanchenkovgy@vimeo.com,Female,4.45.111.214
612,William,Hedan,whedangz@ehow.com,Male,37.251.158.189
613,Percy,Beak,pbeakh0@cnet.com,Male,249.120.149.100
614,Enrique,Latta,elattah1@sohu.com,Male,8.14.54.243
615,Cris,Lipp,clipph2@last.fm,Male,57.38.20.45
616,Hilarius,Fine,hfineh3@wordpress.com,Male,229.169.78.181
617,Ki,Balazs,kbalazsh4@auda.org.au,Female,207.216.77.166
618,Filbert,Odell,fodellh5@theatlantic.com,Male,103.52.79.31
619,Gaven,Virgin,gvirginh6@yahoo.com,Male,135.241.76.50
620,Maris,Labusch,mlabuschh7@ebay.co.uk,Female,155.111.252.16
621,Dusty,Peterken,dpeterkenh8@netscape.com,Female,76.234.94.156
622,Giordano,Claessens,gclaessensh9@github.io,Male,234.65.104.115
623,Amabel,Itzig,aitzigha@vimeo.com,Female,193.79.159.183
624,Ricca,Samwell,rsamwellhb@clickbank.net,Female,4.243.237.84
625,Olivier,Silvester,osilvesterhc@nature.com,Male,80.246.19.17
626,Demetris,Grodden,dgroddenhd@multiply.com,Male,85.120.60.120
627,Shawn,Danser,sdanserhe@earthlink.net,Male,152.147.24.124
628,Dalis,Karmel,dkarmelhf@seattletimes.com,Male,121.226.181.239
629,Dionis,Tedorenko,dtedorenkohg@constantcontact.com,Female,187.205.57.77
630,Carver,Panniers,cpanniershh@hubpages.com,Male,235.36.92.144
631,Bud,Gair,bgairhi@paypal.com,Male,251.182.252.202
632,Michel,Beton,mbetonhj@free.fr,Female,247.133.232.50
633,Ibbie,Jeanon,ijeanonhk@networkadvertising.org,Female,251.34.145.183
634,Erna,Oxborough,eoxboroughhl@latimes.com,Female,76.30.146.143
635,Devland,Ander,danderhm@amazonaws.com,Male,238.168.171.210
636,Orelle,Rothschild,orothschildhn@rediff.com,Female,212.60.12.198
637,Evonne,Halleday,ehalledayho@soup.io,Female,14.90.7.123
638,Corby,Bratcher,cbratcherhp@google.it,Male,71.101.245.224
639,Bancroft,Vinten,bvintenhq@nymag.com,Male,235.79.160.132
640,Goldina,Hanscomb,ghanscombhr@tinypic.com,Female,240.211.226.4
641,Golda,Conigsby,gconigsbyhs@boston.com,Female,214.99.88.207
642,Camile,Kilroy,ckilroyht@dmoz.org,Female,17.77.21.155
643,Malissa,Ellcock,mellcockhu@so-net.ne.jp,Female,30.4.233.197
644,Zach,Beed,zbeedhv@hc360.com,Male,91.195.61.144
645,Danielle,Givens,dgivenshw@nih.gov,Female,122.129.98.251
646,Margaretta,Duncklee,mdunckleehx@auda.org.au,Female,216.39.213.254
647,Hunter,Reside,hresidehy@flickr.com,Male,233.61.13.155
648,Frazer,Farreil,ffarreilhz@cyberchimps.com,Male,204.64.154.88
649,Val,Wadhams,vwadhamsi0@surveymonkey.com,Female,27.145.20.250
650,Antonius,Toplin,atoplini1@comsenz.com,Male,196.42.151.33
651,Corbett,Dreier,cdreieri2@cloudflare.com,Male,166.233.135.172
652,Vilhelmina,Klain,vklaini3@1und1.de,Female,68.252.71.114
653,Lyssa,Atwool,latwooli4@dot.gov,Female,225.83.34.52
654,Patricio,Aries,pariesi5@addthis.com,Male,205.141.182.66
655,Uriel,Moorerud,umoorerudi6@netlog.com,Male,108.62.176.123
656,Constantin,Chandlar,cchandlari7@mapquest.com,Male,6.20.162.193
657,Lizzy,Rogerson,lrogersoni8@who.int,Female,10.103.53.244
658,Ailbert,Ridulfo,aridulfoi9@google.com.au,Male,43.17.190.184
659,Janna,Swinerd,jswinerdia@histats.com,Female,253.178.15.94
660,Georgena,Rubra,grubraib@fema.gov,Agender,41.96.190.83
661,Norton,Feore,nfeoreic@cornell.edu,Male,75.101.167.97
662,Florenza,McKennan,fmckennanid@bloglines.com,Female,203.122.56.229
663,Marietta,Moye,mmoyeie@wired.com,Male,90.217.148.110
664,Forrester,Pulham,fpulhamif@yellowbook.com,Male,156.31.33.146
665,Felix,Bools,fboolsig@blogspot.com,Male,49.135.12.191
666,Siward,Sloy,ssloyih@purevolume.com,Male,71.220.131.248
667,Aldwin,Markushkin,amarkushkinii@jalbum.net,Agender,164.82.197.15
668,Wainwright,Gettins,wgettinsij@123-reg.co.uk,Male,32.10.84.9
669,Dominga,Rowley,drowleyik@de.vu,Female,22.223.148.87
670,Garrick,Stoyles,gstoylesil@taobao.com,Male,233.151.227.53
671,Essie,Cicchetto,ecicchettoim@lulu.com,Female,33.155.10.244
672,Titus,Habbershon,thabbershonin@devhub.com,Male,202.181.245.114
673,Sindee,Rosenfeld,srosenfeldio@posterous.com,Agender,120.167.36.174
674,Verena,Riguard,vriguardip@moonfruit.com,Genderqueer,86.101.157.227
675,Les,Middlebrook,lmiddlebrookiq@indiegogo.com,Male,126.162.9.181
676,Aurilia,Kitteman,akittemanir@acquirethisname.com,Female,90.201.147.238
677,Meridith,Angelo,mangelois@sogou.com,Female,183.106.160.236
678,Floris,Scrivin,fscrivinit@hibu.com,Female,31.212.21.57
679,Tailor,Aizikovich,taizikovichiu@comsenz.com,Male,45.71.25.252
680,Willetta,Upham,wuphamiv@salon.com,Female,172.144.146.105
681,Rollie,Penella,rpenellaiw@webnode.com,Male,60.168.45.5
682,Carlynne,Kroin,ckroinix@amazon.co.jp,Female,95.183.12.107
683,Braden,Tiery,btieryiy@alexa.com,Male,247.86.118.168
684,Shalom,Kordovani,skordovaniiz@domainmarket.com,Bigender,41.181.40.135
685,Lewes,Palliser,lpalliserj0@is.gd,Male,172.95.234.213
686,Scarlett,Andrag,sandragj1@behance.net,Female,175.239.158.169
687,Michail,MacKaig,mmackaigj2@bloglines.com,Male,60.89.164.77
688,Linette,Kinvig,lkinvigj3@imdb.com,Female,106.136.146.213
689,Charleen,Wanjek,cwanjekj4@ycombinator.com,Female,238.240.146.26
690,Carl,Szymonowicz,cszymonowiczj5@amazon.co.uk,Male,233.136.105.107
691,Andrus,Jevon,ajevonj6@berkeley.edu,Male,13.14.111.16
692,Cally,Quartley,cquartleyj7@over-blog.com,Agender,21.214.3.30
693,Dolph,Frape,dfrapej8@thetimes.co.uk,Male,80.104.237.97
694,Tracee,Penchen,tpenchenj9@over-blog.com,Female,76.62.113.190
695,Kristy,de Pinna,kdepinnaja@ning.com,Female,209.141.98.108
696,Noe,Lumsdon,nlumsdonjb@baidu.com,Male,111.118.85.124
697,Ileana,Barfford,ibarffordjc@microsoft.com,Female,101.251.20.249
698,Ursola,Rubinowitz,urubinowitzjd@t.co,Female,42.76.183.121
699,Yurik,Kigelman,ykigelmanje@booking.com,Male,96.197.0.118
700,Abner,Willerson,awillersonjf@shutterfly.com,Male,6.39.115.251
701,Etti,Jennick,ejennickjg@networksolutions.com,Female,26.203.105.193
702,Sidoney,Celle,scellejh@simplemachines.org,Female,136.151.65.43
703,Ollie,Whitney,owhitneyji@dyndns.org,Bigender,71.78.194.225
704,Wyatan,Slamaker,wslamakerjj@microsoft.com,Male,207.121.28.75
705,Cleveland,Virgoe,cvirgoejk@domainmarket.com,Male,206.120.219.144
706,Karla,Lipson,klipsonjl@sourceforge.net,Female,203.59.6.49
707,Elka,Di Meo,edimeojm@nydailynews.com,Female,100.215.173.213
708,Lucita,Battany,lbattanyjn@microsoft.com,Female,39.60.91.204
709,Jessie,Pedlar,jpedlarjo@senate.gov,Male,165.225.85.206
710,Roderic,Magnus,rmagnusjp@ustream.tv,Male,83.148.111.183
711,Haley,Hallums,hhallumsjq@mozilla.com,Female,152.147.149.10
712,Lucille,Giraudou,lgiraudoujr@seesaa.net,Female,118.13.152.165
713,Philippe,Jessen,pjessenjs@so-net.ne.jp,Female,170.20.241.243
714,Nathalie,Dunguy,ndunguyjt@nature.com,Female,59.31.122.36
715,Maible,Winscomb,mwinscombju@xrea.com,Female,12.224.244.110
716,Gusty,Rowth,growthjv@behance.net,Female,231.225.80.13
717,Chelsy,Taffrey,ctaffreyjw@pagesperso-orange.fr,Female,194.47.88.31
718,Reidar,Murrish,rmurrishjx@photobucket.com,Male,216.109.131.247
719,Trudy,Alessandrelli,talessandrellijy@ed.gov,Female,90.226.70.246
720,Doe,Fike,dfikejz@histats.com,Female,73.248.136.74
721,Rebecca,Pendered,rpenderedk0@wired.com,Female,104.1.95.207
722,Derrick,Theobald,dtheobaldk1@instagram.com,Male,242.212.166.188
723,Mikkel,Orton,mortonk2@yandex.ru,Male,66.224.192.174
724,Kalie,Butterley,kbutterleyk3@addtoany.com,Agender,71.56.85.193
725,Andrey,Barkworth,abarkworthk4@hugedomains.com,Male,194.143.21.234
726,Dael,Bartkiewicz,dbartkiewiczk5@trellian.com,Male,89.188.250.61
727,Budd,D'Adda,bdaddak6@cargocollective.com,Male,123.152.222.209
728,Pablo,Lumpkin,plumpkink7@gravatar.com,Male,95.59.178.117
729,Salome,Innis,sinnisk8@godaddy.com,Female,48.78.188.119
730,Clarke,Bickerton,cbickertonk9@netscape.com,Non-binary,211.209.40.117
731,Garrek,Ramsell,gramsellka@tuttocitta.it,Male,211.50.163.99
732,Phil,Fullylove,pfullylovekb@squidoo.com,Bigender,233.43.179.155
733,Torin,Lockery,tlockerykc@apple.com,Male,200.76.0.169
734,Marty,Holsall,mholsallkd@networksolutions.com,Male,144.164.41.172
735,Cyrus,Hambric,chambricke@geocities.com,Male,144.51.230.14
736,Carmon,Lecount,clecountkf@fema.gov,Female,200.19.51.88
737,Dietrich,Cranmor,dcranmorkg@cdbaby.com,Male,168.68.198.255
738,Lara,Reay,lreaykh@hhs.gov,Female,75.255.74.76
739,Normand,Brierley,nbrierleyki@bandcamp.com,Male,221.87.158.55
740,Taffy,Conn,tconnkj@google.nl,Female,57.97.220.188
741,Launce,Remon,lremonkk@baidu.com,Male,209.38.212.188
742,Chlo,Everill,ceverillkl@jugem.jp,Female,7.60.164.2
743,Henry,Dax,hdaxkm@pbs.org,Male,186.45.112.135
744,Moira,Spurnier,mspurnierkn@icq.com,Female,236.6.175.239
745,Enrique,Dyter,edyterko@miibeian.gov.cn,Agender,152.2.31.32
746,Maynord,Benezet,mbenezetkp@deliciousdays.com,Male,80.50.197.167
747,Yanaton,Mannix,ymannixkq@list-manage.com,Male,238.178.78.237
748,Brian,Biaggioli,bbiaggiolikr@tiny.cc,Male,67.189.81.175
749,Travus,Joanaud,tjoanaudks@miitbeian.gov.cn,Male,5.191.204.36
750,Costa,Filisov,cfilisovkt@va.gov,Male,38.231.243.52
751,Franky,Grishkov,fgrishkovku@nih.gov,Male,97.241.140.224
752,Merola,Peet,mpeetkv@ihg.com,Female,210.120.90.242
753,Shayna,Tassaker,stassakerkw@wufoo.com,Female,111.1.221.57
754,Augustine,Reichelt,areicheltkx@digg.com,Genderfluid,34.11.69.160
755,Charlton,Vater,cvaterky@ted.com,Male,193.79.39.242
756,Ignatius,Slyford,islyfordkz@sfgate.com,Male,138.247.249.181
757,Ase,Winwright,awinwrightl0@cornell.edu,Male,203.80.60.9
758,Guntar,Morison,gmorisonl1@washingtonpost.com,Male,55.211.97.98
759,Aloysius,Davern,adavernl2@barnesandnoble.com,Male,162.85.198.142
760,Brody,Crielly,bcriellyl3@ftc.gov,Male,189.120.89.62
761,Abbe,Upchurch,aupchurchl4@ebay.com,Male,174.110.134.46
762,Kinsley,Padden,kpaddenl5@va.gov,Male,217.8.15.8
763,Darryl,Hallwell,dhallwelll6@123-reg.co.uk,Female,189.17.110.82
764,Charity,Gerssam,cgerssaml7@home.pl,Female,182.153.56.78
765,Ralph,Paur,rpaurl8@privacy.gov.au,Male,199.6.53.187
766,Rockey,Tellwright,rtellwrightl9@tamu.edu,Male,63.78.54.88
767,Robbert,Gerrett,rgerrettla@samsung.com,Male,74.39.211.126
768,Avrit,Nitti,anittilb@home.pl,Genderqueer,230.153.230.103
769,Lawton,Rigolle,lrigollelc@reddit.com,Male,208.178.76.111
770,Loree,Burbridge,lburbridgeld@abc.net.au,Female,230.16.241.86
771,Theobald,Dallow,tdallowle@marketwatch.com,Male,239.244.226.151
772,Sancho,Swaton,sswatonlf@shutterfly.com,Male,194.137.155.11
773,Marja,Marsy,mmarsylg@xing.com,Female,59.68.94.98
774,Byrle,Huniwall,bhuniwalllh@europa.eu,Male,212.150.250.72
775,Rebe,Wozencraft,rwozencraftli@telegraph.co.uk,Female,187.214.176.109
776,Waverly,Dymidowicz,wdymidowiczlj@wikispaces.com,Male,106.24.195.182
777,Winslow,Mundow,wmundowlk@networksolutions.com,Male,42.10.76.222
778,Jobey,Argue,jarguell@wunderground.com,Female,225.38.0.120
779,Gard,Covill,gcovilllm@google.ca,Male,41.201.227.132
780,Corrine,Pering,cperingln@yahoo.com,Female,1.8.174.253
781,Charmian,Leel,cleello@a8.net,Female,232.45.164.43
782,Haven,Imlen,himlenlp@adobe.com,Agender,71.165.240.38
783,Nickolaus,Izhak,nizhaklq@whitehouse.gov,Male,227.49.43.140
784,Judah,Muddicliffe,jmuddicliffelr@themeforest.net,Male,109.72.145.118
785,Giffie,Erricker,gerrickerls@nifty.com,Male,210.230.53.31
786,Patti,Beamand,pbeamandlt@bloglovin.com,Female,26.180.11.55
787,Richie,Sneden,rsnedenlu@w3.org,Polygender,49.59.248.161
788,Casandra,Turpie,cturpielv@sphinn.com,Female,241.174.157.23
789,Christina,Jancik,cjanciklw@php.net,Female,185.93.41.246
790,Anett,McGiffin,amcgiffinlx@timesonline.co.uk,Female,120.116.115.241
791,Jacquenetta,Goodinge,jgoodingely@answers.com,Female,252.46.220.11
792,Sayer,Foulds,sfouldslz@fda.gov,Male,229.159.42.248
793,Abner,Shilstone,ashilstonem0@joomla.org,Male,58.189.205.144
794,Jeffry,Bozworth,jbozworthm1@huffingtonpost.com,Male,61.169.188.91
795,Stephanus,Jobke,sjobkem2@ning.com,Male,154.0.87.230
796,Roddie,Deer,rdeerm3@columbia.edu,Male,109.128.72.211
797,Wanids,Tallach,wtallachm4@networksolutions.com,Female,100.162.222.89
798,Rayna,Hassur,rhassurm5@cbsnews.com,Female,179.197.90.253
799,Kamilah,Fellnee,kfellneem6@live.com,Female,29.48.244.198
800,Ailbert,Nance,anancem7@prnewswire.com,Male,14.205.217.65
801,Benjy,Ferronet,bferronetm8@answers.com,Male,229.100.241.200
802,Charita,Shovlin,cshovlinm9@spiegel.de,Female,145.65.8.220
803,Cirstoforo,Palfreyman,cpalfreymanma@chron.com,Male,230.105.61.31
804,Teriann,Blackaller,tblackallermb@trellian.com,Female,49.107.255.31
805,Jamima,Yesenev,jyesenevmc@about.com,Female,205.211.36.170
806,Paulita,Ellsom,pellsommd@gravatar.com,Agender,45.232.209.195
807,Drew,Hallwood,dhallwoodme@51.la,Male,92.97.139.187
808,Diena,Hutchin,dhutchinmf@a8.net,Female,118.16.22.47
809,Marcus,Black,mblackmg@yale.edu,Bigender,49.121.145.58
810,Addi,Hedlestone,ahedlestonemh@over-blog.com,Female,237.47.84.196
811,Daune,McClenan,dmcclenanmi@digg.com,Female,232.84.226.231
812,Meggi,Drache,mdrachemj@walmart.com,Female,193.111.217.52
813,Janeczka,Sang,jsangmk@aboutads.info,Female,0.135.53.58
814,Gerard,Tomkin,gtomkinml@vinaora.com,Male,147.255.121.28
815,Amble,Hoyes,ahoyesmm@google.com.br,Male,238.199.158.235
816,Salomi,Crus,scrusmn@china.com.cn,Female,34.7.74.225
817,Andris,Barry,abarrymo@loc.gov,Male,134.213.228.164
818,Kimmi,Crass,kcrassmp@baidu.com,Female,239.122.193.103
819,Kendall,Eadmeads,keadmeadsmq@symantec.com,Male,150.63.156.222
820,Davide,Callar,dcallarmr@qq.com,Male,245.32.251.132
821,Issiah,Suddaby,isuddabyms@microsoft.com,Male,30.41.158.19
822,Lindsy,Guidini,lguidinimt@google.com.hk,Female,97.212.3.82
823,Julita,Cranham,jcranhammu@hubpages.com,Female,134.11.66.186
824,Cordelie,Arnaut,carnautmv@hugedomains.com,Female,16.180.47.227
825,Silvia,Guiel,sguielmw@jimdo.com,Female,100.142.176.133
826,Ferdinande,Petz,fpetzmx@wix.com,Female,82.199.42.91
827,Cilka,Gammet,cgammetmy@accuweather.com,Polygender,89.91.135.37
828,Emily,Arkin,earkinmz@mysql.com,Female,57.237.45.96
829,Trish,Wellstead,twellsteadn0@google.com,Female,132.66.27.142
830,Beverlee,Dobeson,bdobesonn1@chronoengine.com,Female,81.255.255.91
831,Terrye,Archbald,tarchbaldn2@wordpress.org,Genderqueer,16.115.197.87
832,Vivyan,Howlin,vhowlinn3@liveinternet.ru,Female,127.240.155.168
833,Madge,Barke,mbarken4@ebay.co.uk,Female,113.171.85.36
834,Quill,Rawet,qrawetn5@yellowpages.com,Male,133.80.12.162
835,Uta,Dwane,udwanen6@soup.io,Female,173.104.110.97
836,Flossie,Breitler,fbreitlern7@springer.com,Female,21.198.104.60
837,Cristian,Ladell,cladelln8@huffingtonpost.com,Male,2.24.208.80
838,Wanda,Beddie,wbeddien9@jiathis.com,Female,205.108.58.2
839,Andros,McKeighen,amckeighenna@engadget.com,Male,72.52.68.81
840,Julissa,Mallatratt,jmallatrattnb@webeden.co.uk,Female,241.247.221.109
841,Fredric,Feitosa,ffeitosanc@techcrunch.com,Male,92.219.69.22
842,Dannie,Minchindon,dminchindonnd@mapquest.com,Female,176.251.187.24
843,Shana,De Bruyn,sdebruynne@unesco.org,Female,206.185.167.242
844,Delores,Shalcros,dshalcrosnf@bravesites.com,Female,102.43.229.89
845,Rodge,Pavlov,rpavlovng@pinterest.com,Male,42.225.183.183
846,Pepe,Poxson,ppoxsonnh@intel.com,Male,106.120.13.37
847,Bondon,Pappi,bpappini@sakura.ne.jp,Male,27.98.118.209
848,Sonia,Hallex,shallexnj@reference.com,Female,51.163.69.126
849,Joella,Pibsworth,jpibsworthnk@g.co,Female,169.177.153.75
850,Cicily,St Angel,cstangelnl@rediff.com,Female,236.220.182.114
851,Dominic,Rumin,druminnm@sohu.com,Male,147.62.4.28
852,Lenore,Dennert,ldennertnn@un.org,Genderfluid,131.251.230.24
853,Philis,Hazeldean,phazeldeanno@1und1.de,Female,154.145.252.135
854,Matthus,Gierok,mgieroknp@vimeo.com,Male,137.31.39.151
855,Selena,Houlahan,shoulahannq@cyberchimps.com,Female,153.158.116.231
856,Mavis,Bradane,mbradanenr@sourceforge.net,Female,123.127.174.181
857,Vergil,Hutchason,vhutchasonns@instagram.com,Male,106.181.41.221
858,Cybil,Brasted,cbrastednt@ucla.edu,Female,63.39.65.59
859,Mic,Cattow,mcattownu@disqus.com,Genderqueer,12.131.133.25
860,Jayme,Tremayle,jtremaylenv@kickstarter.com,Female,17.226.187.93
861,Shermie,Roelofsen,sroelofsennw@blinklist.com,Male,211.28.152.98
862,Laurel,Bleas,lbleasnx@paginegialle.it,Female,232.153.122.2
863,Sela,Ference,sferenceny@netlog.com,Female,31.240.120.89
864,Even,Vaud,evaudnz@noaa.gov,Male,72.48.82.105
865,Dotti,Woolrich,dwoolricho0@apple.com,Female,57.209.249.192
866,Rudy,Ewbank,rewbanko1@usgs.gov,Male,186.52.200.243
867,Gannon,Steagall,gsteagallo2@nytimes.com,Male,102.60.176.46
868,Jenifer,Peerless,jpeerlesso3@sun.com,Female,22.244.213.68
869,Brendon,Tedridge,btedridgeo4@telegraph.co.uk,Male,128.147.210.215
870,Moina,Brisard,mbrisardo5@about.me,Female,115.51.12.54
871,Jamey,Simonnet,jsimonneto6@berkeley.edu,Male,180.100.235.103
872,Jedd,Martill,jmartillo7@dedecms.com,Male,132.69.213.11
873,Hortense,Baylie,hbaylieo8@purevolume.com,Female,159.130.175.17
874,Ruthann,Werndley,rwerndleyo9@mapquest.com,Female,114.90.133.251
875,Elwood,Kinnaird,ekinnairdoa@mac.com,Male,160.54.91.164
876,Reinhard,Chaudron,rchaudronob@fastcompany.com,Male,148.64.163.210
877,Mollee,Baudinot,mbaudinotoc@bloglovin.com,Female,21.196.166.168
878,Irma,Warfield,iwarfieldod@ebay.com,Female,253.80.71.136
879,Kania,Impy,kimpyoe@delicious.com,Female,207.198.107.211
880,Simmonds,Hassall,shassallof@imgur.com,Genderqueer,0.51.37.62
881,Geralda,Mechi,gmechiog@guardian.co.uk,Female,146.73.45.210
882,Nannie,Comoletti,ncomolettioh@scientificamerican.com,Female,253.79.244.152
883,Goraud,Cinderey,gcindereyoi@opera.com,Polygender,58.241.3.35
884,Michael,Patrone,mpatroneoj@slideshare.net,Male,85.65.102.8
885,Guthrie,Brownsell,gbrownsellok@reddit.com,Male,185.109.206.177
886,Franciskus,Bricksey,fbrickseyol@storify.com,Male,25.236.183.145
887,Obadias,Firbank,ofirbankom@fotki.com,Male,157.197.56.29
888,Nicolis,Bettles,nbettleson@wired.com,Male,40.115.93.98
889,Ferdinanda,Acott,facottoo@npr.org,Female,194.107.126.218
890,Monika,Joskovitch,mjoskovitchop@elegantthemes.com,Genderfluid,53.74.69.135
891,Sonny,Dunphie,sdunphieoq@nytimes.com,Male,172.200.89.146
892,Ashia,Doge,adogeor@gmpg.org,Female,47.81.1.77
893,Aundrea,Croix,acroixos@google.fr,Female,163.163.138.17
894,Lenette,Camili,lcamiliot@soup.io,Female,216.52.81.16
895,Dagmar,Smeath,dsmeathou@army.mil,Female,3.252.58.32
896,Rollin,Snyder,rsnyderov@t.co,Male,166.82.40.29
897,Kamillah,McCrorie,kmccrorieow@netvibes.com,Female,106.67.39.110
898,Cos,Verman,cvermanox@domainmarket.com,Male,216.164.164.134
899,Patrizius,Gooddy,pgooddyoy@lycos.com,Male,199.200.102.147
900,Eleanora,Adamides,eadamidesoz@prnewswire.com,Non-binary,9.228.92.104
901,Adair,Kroin,akroinp0@nih.gov,Male,113.249.173.153
902,Laurie,Codeman,lcodemanp1@nature.com,Female,187.39.78.63
903,Carmita,Krauze,ckrauzep2@ebay.com,Female,12.132.215.26
904,Georgette,Hegarty,ghegartyp3@cornell.edu,Female,253.70.218.5
905,Nelle,Widmore,nwidmorep4@weebly.com,Female,143.220.28.93
906,Ross,Maisey,rmaiseyp5@umn.edu,Male,199.1.154.237
907,Vidovic,Saiger,vsaigerp6@cdc.gov,Male,104.228.98.64
908,Carey,Lieber,clieberp7@wordpress.com,Female,141.233.169.60
909,Cleveland,Smurthwaite,csmurthwaitep8@hubpages.com,Genderqueer,14.160.63.20
910,Joseph,Fatkin,jfatkinp9@ca.gov,Male,148.233.133.0
911,Welsh,Lovell,wlovellpa@mapy.cz,Male,124.87.145.140
912,Sherie,Edie,sediepb@sogou.com,Female,65.57.36.92
913,Pieter,Gobbett,pgobbettpc@merriam-webster.com,Male,110.126.155.167
914,Pattin,Roget,progetpd@aboutads.info,Male,75.46.58.195
915,Jody,Allewell,jallewellpe@macromedia.com,Male,156.154.63.115
916,Karlyn,Orry,korrypf@github.com,Female,135.76.174.82
917,Mallissa,Ianno,miannopg@google.nl,Female,142.27.213.128
918,Josh,Gervaise,jgervaiseph@zdnet.com,Male,240.157.44.164
919,Mickey,Voisey,mvoiseypi@eventbrite.com,Male,145.181.70.205
920,Delila,Crielly,dcriellypj@ox.ac.uk,Female,19.71.229.72
921,Alfonse,Slaughter,aslaughterpk@nyu.edu,Male,0.5.77.186
922,Dudley,Vaz,dvazpl@de.vu,Male,245.162.80.229
923,Malina,Dolley,mdolleypm@google.com,Female,159.172.187.60
924,Kalindi,Willmont,kwillmontpn@nifty.com,Female,132.80.210.86
925,Karalynn,Lewinton,klewintonpo@bizjournals.com,Female,51.204.127.144
926,Giraldo,Swainston,gswainstonpp@bbb.org,Male,16.141.219.61
927,Whitaker,Giblett,wgiblettpq@bbc.co.uk,Male,37.33.147.101
928,Sephira,Elger,selgerpr@psu.edu,Female,49.250.76.158
929,Carlina,Brentnall,cbrentnallps@admin.ch,Female,228.124.37.75
930,Veradis,Aronovich,varonovichpt@ftc.gov,Female,236.197.245.17
931,Miguela,Alf,malfpu@auda.org.au,Female,58.14.170.84
932,Freddie,McGurn,fmcgurnpv@webeden.co.uk,Female,99.175.35.117
933,Leslie,Goodbourn,lgoodbournpw@yahoo.co.jp,Female,20.146.235.241
934,Shawnee,Castellucci,scastelluccipx@cdbaby.com,Female,152.8.207.16
935,Filmer,Waggitt,fwaggittpy@archive.org,Male,207.130.57.15
936,Kailey,Dearden,kdeardenpz@addtoany.com,Female,119.236.222.157
937,Sibyl,Wadhams,swadhamsq0@wp.com,Male,98.157.105.174
938,Fax,Camings,fcamingsq1@washingtonpost.com,Genderqueer,140.200.48.146
939,Noble,Scarman,nscarmanq2@nationalgeographic.com,Male,130.121.187.13
940,Virgilio,Swatheridge,vswatheridgeq3@bigcartel.com,Male,72.189.184.83
941,Aube,Fairburn,afairburnq4@comsenz.com,Male,249.142.59.18
942,Celestyn,Creeboe,ccreeboeq5@ebay.com,Female,148.224.23.235
943,Maure,Duley,mduleyq6@paginegialle.it,Female,4.91.45.111
944,Ciro,Buttrick,cbuttrickq7@netlog.com,Male,2.125.200.238
945,Alida,Dunckley,adunckleyq8@ibm.com,Polygender,152.196.129.236
946,Phyllida,Oganian,poganianq9@discuz.net,Female,241.121.7.192
947,Lucina,Yaldren,lyaldrenqa@cbslocal.com,Female,212.135.184.198
948,Pieter,Shalloe,pshalloeqb@ameblo.jp,Male,176.10.160.187
949,Hewitt,Dignall,hdignallqc@elegantthemes.com,Male,8.2.9.38
950,Clywd,Sallows,csallowsqd@unesco.org,Male,184.59.122.104
951,Tana,Simonot,tsimonotqe@addtoany.com,Female,232.238.163.106
952,Kellen,Blowing,kblowingqf@discuz.net,Female,140.235.202.142
953,Lisbeth,Baiyle,lbaiyleqg@canalblog.com,Female,108.217.114.121
954,Dorothea,Butt,dbuttqh@usa.gov,Female,234.52.87.215
955,Honoria,Lambkin,hlambkinqi@pinterest.com,Female,194.164.43.29
956,Karalynn,Ourtic,kourticqj@home.pl,Polygender,162.134.99.147
957,Bridget,Siveter,bsiveterqk@tripod.com,Female,180.234.1.81
958,Gerard,Steane,gsteaneql@dropbox.com,Male,249.49.45.194
959,Blair,Aicheson,baichesonqm@google.com.au,Non-binary,167.165.184.144
960,Alvina,De Ferraris,adeferrarisqn@sourceforge.net,Female,245.201.21.153
961,Gertrude,Logie,glogieqo@twitter.com,Female,242.193.158.207
962,Jobi,Herculson,jherculsonqp@miibeian.gov.cn,Female,67.237.199.72
963,Lura,Strode,lstrodeqq@skyrock.com,Female,226.140.214.174
964,Dulcy,Warham,dwarhamqr@smh.com.au,Female,217.57.234.250
965,Chevy,Hachette,chachetteqs@nydailynews.com,Male,97.15.5.196
966,Lalo,Woolston,lwoolstonqt@list-manage.com,Male,87.54.0.95
967,Pat,Graves,pgravesqu@baidu.com,Male,148.220.159.182
968,Janessa,Guido,jguidoqv@nbcnews.com,Female,114.90.99.192
969,Susana,Ludgrove,sludgroveqw@ed.gov,Female,89.236.196.153
970,Dinnie,Vondrasek,dvondrasekqx@squidoo.com,Female,166.201.180.241
971,Belinda,Mouget,bmougetqy@paypal.com,Female,109.163.78.124
972,Brade,Kipling,bkiplingqz@samsung.com,Male,120.240.7.134
973,Donia,Gedling,dgedlingr0@google.ru,Female,21.187.22.164
974,Percival,Ianno,piannor1@woothemes.com,Male,171.221.12.130
975,Gerick,Delves,gdelvesr2@pagesperso-orange.fr,Male,147.230.7.54
976,Gaspar,Lindegard,glindegardr3@walmart.com,Male,84.95.107.101
977,Salomon,Skypp,sskyppr4@altervista.org,Male,199.196.233.227
978,Randy,Lorraway,rlorrawayr5@storify.com,Male,194.228.208.44
979,Olimpia,Sherebrooke,osherebrooker6@squarespace.com,Female,165.145.127.203
980,Erich,Basil,ebasilr7@wikia.com,Male,182.147.169.178
981,Cad,Broadfield,cbroadfieldr8@sbwire.com,Male,56.123.137.32
982,Darb,Avrashin,davrashinr9@livejournal.com,Non-binary,226.17.75.55
983,Luis,Veschambes,lveschambesra@wp.com,Male,108.195.12.161
984,Trace,Perrelle,tperrellerb@tmall.com,Male,91.141.179.4
985,Tibold,Aspinal,taspinalrc@sogou.com,Male,37.131.71.80
986,Aubree,Carloni,acarlonird@tumblr.com,Female,152.237.177.106
987,Russell,Clinnick,rclinnickre@apache.org,Male,83.87.212.180
988,Kathy,Cockland,kcocklandrf@nifty.com,Female,167.166.248.130
989,Hussein,Varnam,hvarnamrg@goo.ne.jp,Male,196.93.78.10
990,Nicolais,Swadlinge,nswadlingerh@java.com,Male,86.207.8.148
991,Gail,Smallshaw,gsmallshawri@deliciousdays.com,Female,115.3.20.160
992,Murray,Stent,mstentrj@hp.com,Male,189.251.224.13
993,Lynna,Chadderton,lchaddertonrk@stumbleupon.com,Female,162.19.106.223
994,Kim,Yukhnini,kyukhninirl@wisc.edu,Female,16.22.212.226
995,Alleen,Masden,amasdenrm@istockphoto.com,Female,106.216.43.65
996,Vilhelmina,Isherwood,visherwoodrn@nifty.com,Female,118.8.232.117
997,Cozmo,Gonin,cgoninro@mapy.cz,Male,238.226.241.16
998,Yurik,Scoggins,yscogginsrp@digg.com,Male,165.222.143.55
999,Jerrilyn,Ginnell,jginnellrq@alexa.com,Non-binary,71.79.207.112
1000,Lance,Trelevan,ltrelevanrr@go.com,Male,144.200.194.87
